name,url
Thames View,https://www.lbbd.gov.uk/libraries-and-local-history/our-libraries/library-opening-times-and-information/thames-community
Barking,https://www.lbbd.gov.uk/libraries-and-local-history/our-libraries/library-opening-times-and-information/barking-learning
Dagenham,https://www.lbbd.gov.uk/libraries-and-local-history/our-libraries/library-opening-times-and-information/dagenham-learning
Valence,https://www.lbbd.gov.uk/libraries-and-local-history/our-libraries/library-opening-times-and-information/valence-community
Robert Jeyes Community Library,https://www.lbbd.gov.uk/libraries-and-local-history/our-libraries/library-opening-times-and-information/chadwell-heath-and
Marks Gate,https://www.lbbd.gov.uk/libraries-and-local-history/our-libraries/library-opening-times-and-information/marks-gate
Childs Hill ,https://www.barnet.gov.uk/libraries/find-your-local-library/childs-hill-library
Golders Green ,https://www.barnet.gov.uk/libraries/find-your-local-library/golders-green-library
Garden Suburb Community Library ,https://gardensuburblibrary.org.uk/
Hendon,https://www.barnet.gov.uk/libraries/find-your-local-library/hendon-library
East Finchley,https://www.barnet.gov.uk/libraries/find-your-local-library/east-finchley-library
Finchley Church End ,https://www.barnet.gov.uk/libraries/find-your-local-library/finchley-church-end-library
Colindale,https://www.barnet.gov.uk/libraries/find-your-local-library/colindale-library
South Friern ,https://www.barnet.gov.uk/libraries/find-your-local-library/south-friern-library
Burnt Oak ,https://www.barnet.gov.uk/libraries/find-your-local-library/burnt-oak-library
Friern Barnet Community Library ,http://www.friernbarnetlibrary.org/
Mill Hill ,https://www.barnet.gov.uk/libraries/find-your-local-library/mill-hill-library
Edgware ,https://www.barnet.gov.uk/libraries/find-your-local-library/edgware-library
North Finchley ,https://www.barnet.gov.uk/libraries/find-your-local-library/north-finchley-library
Osidge,https://www.barnet.gov.uk/libraries/find-your-local-library/osidge-library
East Barnet ,https://www.barnet.gov.uk/libraries/find-your-local-library/new-barnet-leisure-centre-and-library
Chipping Barnet ,https://www.barnet.gov.uk/libraries/find-your-local-library/chipping-barnet-library
Sidcup Library,https://arena.yourlondonlibrary.net/web/bexley/sidcup-library
Bexley Community Library,https://arena.yourlondonlibrary.net/web/bexley/bcl
Blackfen Community Library,https://arena.yourlondonlibrary.net/web/bexley/blackfen-library
Crayford Library,https://arena.yourlondonlibrary.net/web/bexley/crayford-library
Central Library,https://arena.yourlondonlibrary.net/web/bexley/central-library
Welling Library,https://arena.yourlondonlibrary.net/web/bexley/welling-library
North Heath Community Library,https://arena.yourlondonlibrary.net/web/bexley/north-heath-library
Slade Green Community Library,https://ecocom.uk/
Bostall Community Library,https://www.bostall-librarycg.org.uk/index.php/about-us/contact-us
Erith Library,https://arena.yourlondonlibrary.net/web/bexley/-/erith-library#/?location=Erith%20Library
Upper Belvedere Community Library,https://arena.yourlondonlibrary.net/web/bexley/upper-belvedere-library
Thamesmead Library,https://arena.yourlondonlibrary.net/web/bexley/thamesmead-library
Ealing Road Library,https://www.brent.gov.uk/services-for-residents/libraries/libraries-in-brent/ealing-road-library/
Wembley Library,https://www.brent.gov.uk/services-for-residents/libraries/libraries-in-brent/wembley-library/
Kilburn,https://www.brent.gov.uk/libraries-arts-and-heritage/libraries/kilburn-library
Harlesden,https://libraries.brent.gov.uk/digital-content/brent-libraries/harlesden-library-plus
Willesden Green,https://www.brent.gov.uk/libraries-arts-and-heritage/libraries/the-library-at-willesden-green
Ealing Road,https://www.brent.gov.uk/services-for-residents/libraries/libraries-in-brent/ealing-road-library
Barham Park,https://barhamlibrary.tumblr.com/
Cricklewood,http://cricklewoodlibrary.org.uk
Preston,https://prestoncommunitylibrary.org
Kingsbury,https://www.brent.gov.uk/services-for-residents/libraries/libraries-in-brent/kingsbury-library/
Biggin Hill Memorial Library and Pool,https://www.better.org.uk/library/london/bromley/biggin-hill-memorial-library
West Wickham Library,https://www.better.org.uk/library/london/bromley/west-wickham-library
Hayes Library,https://www.better.org.uk/library/london/bromley/hayes-library
Orpington Library,https://www.better.org.uk/library/london/bromley/orpington-library
Southborough Library,https://www.better.org.uk/library/london/bromley/southborough-library
Petts Wood Library,https://www.better.org.uk/library/london/bromley/petts-wood-library
Shortlands Library,https://www.better.org.uk/library/london/bromley/shortlands-library
Bromley Central Library,https://www.better.org.uk/library/london/bromley/bromley-central-library
St Pauls Cray Library,https://www.better.org.uk/library/london/bromley/st-paul-s-cray-library-community-support-centre
Beckenham Library,https://arena.yourlondonlibrary.net/web/bromley/beckenham-library
Penge Library,https://www.better.org.uk/library/london/bromley/penge-library
Burnt Ash Library,https://www.better.org.uk/library/london/bromley/burnt-ash-library
Chislehurst Library,https://arena.yourlondonlibrary.net/web/bromley/chislehurst-library
Holborn Library,https://www.camden.gov.uk/holborn-library
Pancras Square Library,https://www.camden.gov.uk/pancras-square-library
Camden Town Library,https://www.camden.gov.uk/camden-town-library
Kilburn Library Centre,https://www.camden.gov.uk/kilburn-library
Chalk Farm (now Primrose Hill Community Library),https://www.phcl.org
Swiss Cottage Library,https://www.camden.gov.uk/swiss-cottage-library
Belsize Community Library,http://thewinch.org/belsizecommunitylibrary/
West Hampstead Library,https://www.camden.gov.uk/west-hampstead-library
Kentish Town Library,https://www.camden.gov.uk/kentish-town-library
Queens Crescent Library,https://www.camden.gov.uk/queens-crescent-library
Keats Community Library,https://www.calameo.com/read/007331249eea640536dde
Highgate Library,https://www.camden.gov.uk/highgate-library
Shoe Lane,https://www.cityoflondon.gov.uk/services/libraries/regular-library-activities-for-children
Artizan Street,https://www.cityoflondon.gov.uk/services/libraries/artizan-street-library
Guildhall Library and City Business Library,https://www.fis.cityoflondon.gov.uk/directory/city-business-library
Barbican,https://www.barbican.org.uk/your-visit/during-your-visit/library
Bradmore Green,https://www.croydon.gov.uk/libraries-leisure-and-culture/libraries/find-your-library/bradmore-green-library
Coulsdon,https://www.croydon.gov.uk/libraries-leisure-and-culture/libraries/find-your-library/coulsdon-library
Purley,https://www.croydon.gov.uk/libraries-leisure-and-culture/libraries/find-your-library/purley-library
Sanderstead,https://www.croydon.gov.uk/libraries-leisure-and-culture/libraries/find-your-library/sanderstead-library
New Addington,https://www.croydon.gov.uk/libraries-leisure-and-culture/libraries/find-your-library/new-addington-library
Selsdon,https://www.croydon.gov.uk/libraries-leisure-and-culture/libraries/find-your-library/selsdon-library
Croydon central library,https://www.croydon.gov.uk/libraries-leisure-and-culture/libraries/find-your-library/central-library
Shirley,https://www.croydon.gov.uk/libraries-leisure-and-culture/libraries/find-your-library/shirley-library
Ashburton,https://www.croydon.gov.uk/libraries-leisure-and-culture/libraries/find-your-library/ashburton-library
Broad Green,https://www.croydon.gov.uk/libraries-leisure-and-culture/libraries/find-your-library/broad-green-library
Thornton Heath,https://www.croydon.gov.uk/libraries-leisure-and-culture/libraries/find-your-library/thornton-heath-library
South Norwood,http://www.croydonlibraries.com/find-your-library/south-norwood-library
Norbury,https://www.croydon.gov.uk/libraries-leisure-and-culture/libraries/find-your-library/norbury-library
Upper Norwood,https://www.uppernorwoodlibraryhub.org
Northfields Library,https://www.ealing.gov.uk/info/201241/find_your_library/2399/northfields_community_library
Southall Library (Dominion Centre and Library),https://www.ealing.gov.uk/info/201241/find_your_library/2404/southall_library_and_dominion_centre
Acton Town Hall Library,https://www.ealing.gov.uk/info/201241/find_your_library/2395/acton_town_hall_library
West Ealing Library,https://www.ealing.gov.uk/info/201241/find_your_library/2406/west_ealing_community_library
Hanwell Library,https://www.ealing.gov.uk/info/201241/find_your_library/2397/hanwell_community_library
Ealing Central Library,https://www.ealing.gov.uk/info/201241/find_your_library/2386/ealing_central_library
Jubilee Gardens Library,https://www.ealing.gov.uk/info/201241/find_your_library/2398/jubilee_gardens_library
Pitshanger Library,https://www.ealing.gov.uk/info/201241/find_your_library/2403/pitshanger_library
Greenford Library,https://www.ealing.gov.uk/info/201241/find_your_library/2396/greenford_library
Northolt Library,https://www.ealing.gov.uk/info/201241/find_your_library/2401/northolt_library
Perivale Library,https://www.ealing.gov.uk/info/201241/find_your_library/2402/perivale_community_library
Northolt Leisure Centre Library,https://www.ealing.gov.uk/info/201241/find_your_library/2400/northolt_leisure_centre_library
Wood End Library,https://libraryon.org/library/E09000009/Wood-End-Library?id=2278
Fore Street,https://mylife.enfield.gov.uk/directory/providerdetails/210983
Angel Raynham,https://mylife.enfield.gov.uk/directory/providerdetails/216700
Bowes Road,https://mylife.enfield.gov.uk/directory/providerdetails/211098
Palmers Green,https://www.enfield.gov.uk/services/libraries/library-meeting-rooms-for-hire/palmers-green-library
Millfield House,https://mylife.enfield.gov.uk/directory/providerdetails/216434
Edmonton Green,https://mylife.enfield.gov.uk/directory/providerdetails/216435
Winchmore Hill,https://mylife.enfield.gov.uk/directory/providerdetails/211003
Southgate Circus,https://www.librarything.com/venue/15880/Southgate-Circus-Library
Ridge Avenue,https://mylife.enfield.gov.uk/directory/providerdetails/210995
John Jackson,https://mylife.enfield.gov.uk/directory/providerdetails/210973
Ponders End,https://mylife.enfield.gov.uk/directory/providerdetails/210993
Oakwood,https://mylife.enfield.gov.uk/directory/providerdetails/210990
Enfield Town,https://mylife.enfield.gov.uk/directory/providerdetails/210976
Enfield Highway,https://mylife.enfield.gov.uk/directory/providerdetails/210976
Enfield Island Village,https://mylife.enfield.gov.uk/directory/providerdetails/210977
Ordnance Unity Centre,https://mylife.enfield.gov.uk/directory/providerdetails/210991
Bullsmoor,https://mylife.enfield.gov.uk/directory/providerdetails/210969
Slad Central Library,http://www.better.org.uk/areas/greenwich/venues/slade-centre-library
Coldharbour Library,http://www.better.org.uk/areas/greenwich/venues/coldharbour-library
Mottingham Library,https://www.better.org.uk/library/london/bromley/mottingham-library
New Eltham Library,http://www.better.org.uk/areas/greenwich/venues/new-eltham-library
Eltham Centre Library,http://www.better.org.uk/areas/greenwich/venues/eltham-library
Blackheath Village community library service,https://www.age-exchange.org.uk/whats-on-now/
Blackheath Library,http://www.better.org.uk/areas/greenwich/venues/blackheath-library
West Greenwich Library,http://www.better.org.uk/areas/greenwich/venues/west-greenwich-library
Charlton Library,http://www.better.org.uk/areas/greenwich/venues/charlton-house-library
Greenwich Centre Library,http://www.better.org.uk/areas/greenwich/venues/greenwich-centre-library
Plumstead Library,https://www.better.org.uk/library/london/greenwich/plumstead-library
Woolwich Library,http://www.better.org.uk/areas/greenwich/venues/woolwich-library
Abbey Wood Library,http://www.better.org.uk/venues/abbey-wood-library
Thamesmere Library,http://www.better.org.uk/areas/greenwich/venues/thamesmere-library
Slade Centre Library ,https://www.better.org.uk/library/london/greenwich/slade-centre-library
Shoreditch Library,https://hackney.gov.uk/shoreditch-library
Hackney Central Library,https://hackney.gov.uk/hackney-central-library/
Dalston CLR James Library,http://www.hackney.gov.uk/dalston-library
Homerton Library,https://hackney.gov.uk/homerton-library
Stoke Newington Library,http://www.hackney.gov.uk/stoke-newington-library
Clapton Library,http://www.hackney.gov.uk/clapton-library
N4 Library,https://www.islington.gov.uk/libraries-arts-and-heritage/libraries/your-local-libraries/n4-library
Woodberry Down Library,https://hackney.gov.uk/woodberry-down-library
Stamford Hill Library,https://hackney.gov.uk/stamford-hill-library
Hurlingham and Chelsea School and Community Library ,https://www.thehurlinghamacademy.org.uk/library
Fulham,https://www.lbhf.gov.uk/libraries/find-your-library/fulham-library
Avonmore Library and Neighbourhood Centre,https://www.lbhf.gov.uk/libraries/find-your-library/avonmore-library-and-neighbourhood-centre
Hammersmith,https://www.lbhf.gov.uk/libraries/find-your-library/hammersmith-library
Askew Road,https://www.lbhf.gov.uk/libraries/find-your-library/askew-road-library
Shepherds Bush Library ,https://www.lbhf.gov.uk/libraries/find-your-library/shepherds-bush-library
Stroud Green and Harringay Library,http://www.haringey.gov.uk/stroud-green-and-harringay-library
Hornsey Library,http://www.haringey.gov.uk/hornsey-library
St Ann's Library,http://www.haringey.gov.uk/st-anns-library
Marcus Garvey Library,http://www.haringey.gov.uk/marcus-garvey-library
Muswell Hill Library,http://www.haringey.gov.uk/muswell-hill-library
Wood Green Central Library and Customer Services,http://www.haringey.gov.uk/wood-green-central-library
Alexandra Park Library,http://www.haringey.gov.uk/alexandra-park-library
Coombes Croft Library,https://devonshirehill.com/wp-content/uploads/2024/02/Whats-On-in-Haringey-Libraries-February-2024.pdf
Highgate Library ,https://new.haringey.gov.uk/libraries/libraries-haringey/highgate-library
North Harrow Community Library,https://northharrowlibrary.org
Roxeth,https://libraries.harrow.gov.uk/digital-content/libraries/roxeth-library
Pinner,https://libraries.harrow.gov.uk/digital-content/libraries/pinner-library
Kenton,https://libraries.harrow.gov.uk/digital-content/libraries/kenton-library
Wealdstone,https://libraries.harrow.gov.uk/digital-content/libraries/wealdstone-library
Stanmore,https://libraries.harrow.gov.uk/digital-content/libraries/stanmore-library
Greenhill,https://libraries.harrow.gov.uk/digital-content/libraries/greenhill-library
Rainham Library,https://www.medway.gov.uk/rainhamlibrary
South Hornchurch Library,https://www.havering.gov.uk/libraries-2/library-locations/9
Elm Park Library,https://www.havering.gov.uk/elmparklibrary
Upminster Library,https://www.havering.gov.uk/libraries-2/library-locations/10
Hornchurch Library,https://www.havering.gov.uk/libraries-2/library-locations/6
Gidea Park Library,https://www.havering.gov.uk/gideaparklibrary
Romford Central Library,https://www.havering.gov.uk/libraries-2/library-locations/8
Harold Wood Library,https://www.havering.gov.uk/haroldwoodlibrary
Collier Row Library,https://www.havering.gov.uk/libraries-2/library-locations
Harold Hill Library,https://www.havering.gov.uk/haroldhilllibrary
Harlington Library,https://libraryon.org/library/E09000017/Harlington-Library?id=2347
West Drayton Library,https://www.hillingdon.gov.uk/westdraytonlibrary
Botwell Green Library,https://www.hillingdon.gov.uk/botwellgreenlibrary
Yiewsley Library,https://www.hillingdon.gov.uk/yiewsleylibrary
Yeading Library,https://www.hillingdon.gov.uk/yeadinglibrary
Hayes End Library,https://www.hillingdon.gov.uk/hayesendlibrary
Charville Library,https://www.hillingdon.gov.uk/article/2879/Charville-Library
Oak Farm Library,https://www.hillingdon.gov.uk/oakfarmlibrary
Uxbridge Library,https://www.hillingdon.gov.uk/uxbridgelibrary
South Ruislip Library,https://www.hillingdon.gov.uk/southruisliplibrary
Ickenham Library,https://www.hillingdon.gov.uk/ickenhamlibrary
Ruislip Manor Library,https://www.hillingdon.gov.uk/ruislipmanorlibrary
Manor Farm Library,https://www.hillingdon.gov.uk/manorfarmlibrary
Eastcote Library,https://www.hillingdon.gov.uk/eastcotelibrary
Northwood Hills Library,https://www.hillingdon.gov.uk/northwoodhillslibrary
Harefield Library,https://www.hillingdon.gov.uk/harefieldlibrary
Northwood Library,https://www.hillingdon.gov.uk/article/2889/Northwood-Library-Oaklands-Gate
Hanworth Library,https://www.hounslow.gov.uk/directory_record/2982/hanworth_library
Feltham Library,https://www.hounslow.gov.uk/directory_record/2981/feltham_library
Bedfont Library,https://www.hounslow.gov.uk/directory_record/2977/bedfont_library
Isleworth Library,https://www.hounslow.gov.uk/directory_record/2985/isleworth_library
Hounslow Library,https://libraryon.org/library/E09000018/Hounslow-Library?id=2368
Beavers Library,https://www.hounslow.gov.uk/directory_record/2976/beavers_library
Cranford Library,https://www.hounslow.gov.uk/directory_record/2980/cranford_library
Osterley Library,https://www.hounslow.gov.uk/directory_record/2986/osterley_library
Heston Library,https://www.hounslow.gov.uk/directory_record/2983/heston_library
Brentford Library ,https://www.hounslow.gov.uk/directory_record/2978/brentford_library
Chiswick Library,https://www.hounslow.gov.uk/directory_record/2979/chiswick_library
Finsbury Library,https://www.islington.gov.uk/libraries-arts-and-heritage/libraries/your-local-libraries/finsbury-library
Lewis Carroll Children's Library,https://www.islington.gov.uk/libraries-arts-and-heritage/libraries/your-local-libraries/lewis-carroll-library
South Library,https://www.islington.gov.uk/libraries-arts-and-heritage/libraries/your-local-libraries/south-library
West Library,https://www.islington.gov.uk/libraries-arts-and-heritage/libraries/your-local-libraries/west-library
Mildmay Library,https://www.islington.gov.uk/libraries-arts-and-heritage/libraries/your-local-libraries/mildmay-library
Islington Central Library,https://www.islington.gov.uk/libraries-arts-and-heritage/libraries/your-local-libraries/central-library
John Barnes Library,https://librarytechnology.org/library/26821
North Library,https://www.islington.gov.uk/libraries-arts-and-heritage/libraries/your-local-libraries/north-library
Archway Library,Archway Library
Cat and Mouse Library,https://www.islington.gov.uk/libraries-arts-and-heritage/libraries/your-local-libraries/cat-and-mouse-library
Chelsea Library,https://www.rbkc.gov.uk/libraries/your-library/find-library/chelsea-library
Brompton Library,https://www.rbkc.gov.uk/libraries-0/libraries-and-room-hire/brompton-library
Kensington Central Library,https://www.rbkc.gov.uk/libraries-0/libraries-and-room-hire/kensington-central-library
Notting Hill Gate Library,https://www.rbkc.gov.uk/libraries-0/libraries-and-room-hire/notting-hill-gate-library
North Kensington Library,https://www.rbkc.gov.uk/libraries-0/libraries-and-room-hire/north-kensington-library
Kensal Library,https://kensalriselibrary.org
Hook and Chessington Library,https://libraryon.org/library/E09000021/Hook-&-Chessington-Library?id=297
Tolworth Community Library,https://libraryon.org/library/E09000021/Tolworth-Community-Library?id=264
Old Malden Library,https://libraryon.org/library/E09000021/Old-Malden-Library?id=91
Surbiton Library,https://libraries.kingston.gov.uk/digital-content/libraries/library-branches/surbiton
New Malden Library,https://arena.yourlondonlibrary.net/web/kingston
Kingston Library,https://kingstonuponthames.info/discover/things-to-do/kingston-library
Tudor Drive Library,https://libraryon.org/library/E09000021/Tudor-Drive-Library?id=80
Streatham,https://www.lambeth.gov.uk/libraries-0/streatham-library
Carnegie library (Herne Hill),https://www.lambeth.gov.uk/places/carnegie-library
Brixton,https://www.lambeth.gov.uk/libraries-0/brixton-tate-library
Clapham,https://www.lambeth.gov.uk/libraries-0/clapham-library
Minet,https://www.lambeth.gov.uk/libraries-0/minet-library
Tate South Lambeth,https://www.lambeth.gov.uk/libraries-0/tate-south-lambeth-library
Durning,https://www.lambeth.gov.uk/libraries-0/durning-library
Waterloo,https://libraries.lambeth.gov.uk/-/waterloo-library
West Norwood Library and Picturehouse,https://www.lambeth.gov.uk/libraries-0/west-norwood-library
Sydenham community library service,https://lewisham.gov.uk/myservices/libraries/branches/sydenham-community-library-service
Downham Library,https://lewisham.gov.uk/myservices/libraries/branches/downham-library
Forest Hill Library,https://fhlibrary.co.uk/
Grove Park community library service,https://lewisham.gov.uk/myservices/libraries/branches/grove-park-community-library-service
Torridon Road Library,https://www.lewisham.gov.uk/myservices/libraries/branches/Pages/torridon-road-library.aspx
Catford library,https://lewisham.gov.uk/myservices/libraries/branches/catford-library
Corbett Community Library,https://corbettcommunity.org.uk
Crofton Park community library service,https://lewisham.gov.uk/myservices/libraries/branches/crofton-park-community-library-service
Manor House Library,https://mhlibrary.co.uk/
Lewisham Library,https://www.lewisham.gov.uk/myservices/libraries/branches/Pages/Lewisham-Library.aspx
New Cross community library service,https://lewisham.gov.uk/myservices/libraries/branches/new-cross-community-library-service
The Library at Deptford Lounge,https://deptfordlounge.org.uk
Pepys community library service,https://pepyscommunitylibrary.tumblr.com/about
West Barnes Library,https://arena.yourlondonlibrary.net/web/merton/west-barnes-library
Pollards Hill Library,https://arena.yourlondonlibrary.net/web/merton/pollards-hill-library
Morden Library,https://arena.yourlondonlibrary.net/web/merton/morden-library
Raynes Park Library,https://arena.yourlondonlibrary.net/web/merton/raynes-park-library
Mitcham Library,https://arena.yourlondonlibrary.net/web/merton/mitcham-library
Mitcham Library,https://libraries.merton.gov.uk/events/location/54
Colliers Wood Library,https://libraries.merton.gov.uk/digital-content/libraries/library-branches/colliers-wood-library
Wimbledon Library,https://arena.yourlondonlibrary.net/web/merton/wimbledon-library
North Woolwich Library,https://www.newham.gov.uk/Pages/ServiceChild/North-Woolwich-Library.aspx
Custom House Library,https://www.newham.gov.uk/Pages/ServiceChild/Custom-House-Library.aspx
Beckton Library,https://www.newham.gov.uk/Pages/ServiceChild/Beckton-Library.aspx
Canning Town Library,https://libraryon.org/library/E09000025/Canning-Town-Library?id=605
Plaistow Library,https://libraries.newham.gov.uk/digital-content/libraries/find-a-library/plaistow-library
East Ham Library,https://libraryon.org/library/E09000025/East-Ham-Library?id=518
Green Street Library,https://www.newham.gov.uk/Pages/ServiceChild/Green-Street-Library.aspx
Stratford Library,https://www.newham.gov.uk/Pages/ServiceChild/Stratford-Library.aspx
The Gate Library ,https://www.newham.gov.uk/Pages/ServiceChild/The-gate-library.aspx
Manor Park Library,https://libraryon.org/library/E09000025/Manor-Park-Library?id=478
Redbridge Central Library,https://www.redbridge.gov.uk/discover/history-and-heritage/redbridge-museum/
Goodmayes Library,https://visionrcl.org.uk/centre/goodmayes-library/
Aldersbrook Library,https://visionrcl.org.uk/centre/aldersbrook-library/
Seven Kings Library,https://visionrcl.org.uk/centre/seven-kings-library/
Wanstead Library,https://visionrcl.org.uk/centre/wanstead-library/
Keith Axon Library,https://visionrcl.org.uk/centre/keith-axon-centre/
Gants Hill Library,https://visionrcl.org.uk/centre/gants-hill-library/
Clayhall Library,http://www.clayhall.co.uk/local-directory/libraries/clayhall-library.html
Fullwell Cross Library,https://visionrcl.org.uk/centre/fullwell-cross-library/
South Woodford Library and Gym,https://visionrcl.org.uk/centre/south-woodford-library-gym/
Woodford Green Library,https://libraryon.org/library/E09000026/Woodford-Green-Library?id=2433
Hainault Library,https://visionrcl.org.uk/centre/hainault-library/
Uphall School Library,https://mymaxcard.co.uk/max_venues/uphall-school-library/
Hampton,https://www.richmond.gov.uk/hampton_library
Hampton Wick,https://www.richmond.gov.uk/Hampton_wick_library
Hampton Hill,https://richmond.gov.uk/hampton_hill_library
Teddington,https://www.richmond.gov.uk/teddington_library
Ham,https://www.visitrichmond.co.uk/information/product-catch-all/ham-library-p1581591
Heathfield Library Access Point,https://librarytechnology.org/library/32576
Twickenham,https://www.richmond.gov.uk/twickenham_library
Whitton,https://www.richmond.gov.uk/whitton_library
Richmond Information and Reference Library. Richmond ,https://www.richmond.gov.uk/local_studies_collection
Richmond Lending Library,https://www.richmond.gov.uk/richmond_library
East Sheen,https://www.richmond.gov.uk/east_sheen_library
Kew,https://richmond.gov.uk/kew_library
Castelnau,https://richmond.gov.uk/castelnau_library
Kingswood Library,https://www.southwark.gov.uk/libraries/find-a-library?chapter=9#
Dulwich Library,https://selmind.org.uk/directory/dulwich-library-southwark/
Grove Vale Library,https://www.southwark.gov.uk/libraries/find-a-library?chapter=8#
Nunhead Library,https://selmind.org.uk/directory/nunhead-library-southwark/
Peckham Library,https://www.southwark.gov.uk/libraries/find-a-library?chapter=12#
Camberwell Library,https://www.southwark.gov.uk/libraries/find-a-library?chapter=4#
Brandon Library,https://www.southwark.gov.uk/libraries/find-a-library?chapter=3#
East Street Library,https://www.southwark.gov.uk/libraries/find-a-library?chapter=7#
Blue Anchor Library,https://www.southwark.gov.uk/libraries/find-a-library?chapter=2#
Canada Water Library,https://www.southwark.gov.uk/libraries/find-a-library?chapter=5#
John Harvard Library,https://www.southwark.gov.uk/libraries/find-a-library?chapter=9#
Library @ the Phoenix Centre,https://libraries.sutton.gov.uk/events/location/48
Wallington Library,https://suttoninformationhub.org.uk/services/wallington-library
Cheam Library,https://libraries.sutton.gov.uk/digital-content/libraries/cheam-library
Sutton Central Library,https://libraries.sutton.gov.uk/digital-content/libraries/sutton-central-library
Library @ Westcroft Centre,https://libraries.sutton.gov.uk/events/location/51
Worcester Park Library,https://suttoninformationhub.org.uk/services/worcester-park-library
Library @ The Life Centre,https://libraries.sutton.gov.uk/digital-content/libraries/library-at-the-life-centre
The Circle Library,https://suttoninformationhub.org.uk/services/circle-library
Cubitt Town library,https://www.ideastore.co.uk/visit-us/cubitt-town-library
Idea Store Canary Wharf,https://www.ideastore.co.uk/visit-us/idea-store-canary-wharf
Idea Store Chrisp Street,https://www.ideastore.co.uk/visit-us/idea-store-chrisp-street
Idea Store Watney Market,https://www.ideastore.co.uk/visit-us/idea-store-watney-market
Idea Store Whitechapel,https://www.ideastore.co.uk/visit-us/idea-store-whitechapel
Local History Library,https://www.ideastore.co.uk/our-services/children-and-families
Bethnal Green library,https://www.towerhamlets.gov.uk/lgnl/community_and_living/halls_for_hire/Bethnal_Green_Library.aspx
Idea Store Bow,https://www.ideastore.co.uk/visit-us/idea-store-bow
Harrow Green Community Library,https://harrowgreenlibrary.com
Leyton Library,https://www.walthamforest.gov.uk/content/leyton-library
Leytonstone Library,https://www.walthamforest.gov.uk/libraries/local-libraries/leytonstone-library
Lea Bridge Library,https://www.walthamforest.gov.uk/events?events_category=57&events_location=47&events_start=&events_end=
Walthamstow Library,https://www.walthamforest.gov.uk/content/walthamstow-library
Wood Street Library,https://www.walthamforest.gov.uk/libraries/local-libraries/wood-street-library
Higham Hill Library,https://www.walthamforest.gov.uk/libraries/local-libraries/higham-hill-library
Hale End Library,https://www.walthamforest.gov.uk/content/hale-end-library
South Chingford Community Library,https://www.southchingfordlibrary.org.uk/
Chingford Library ,https://www.walthamforest.gov.uk/libraries/local-libraries/chingford-library
North Chingford Library,https://www.walthamforest.gov.uk/libraries/local-libraries/chingford-library
Tooting Library,http://www.better.org.uk/areas/wandsworth/venues/tooting-library
Earlsfield Library,http://www.better.org.uk/areas/wandsworth/venues/earlsfield-library
Southfields Library,http://www.better.org.uk/areas/wandsworth/venues/southfields-library
Balham Library,http://www.better.org.uk/areas/wandsworth/venues/balham-library
Roehampton Library,http://www.better.org.uk/areas/wandsworth/venues/roehampton-library
Northcote Library,http://www.better.org.uk/areas/wandsworth/venues/northcote-library
Wandsworth Town Library,http://www.better.org.uk/areas/wandsworth/venues/wandsworth-town-library
Putney Library,http://www.better.org.uk/areas/wandsworth/venues/putney-library
Battersea Library,http://www.better.org.uk/areas/wandsworth/venues/battersea-library
York Gardens Library,http://www.better.org.uk/areas/wandsworth/venues/york-gardens-library
Battersea Park Library,http://www.better.org.uk/library/london/wandsworth/battersea-park-library
Pimlico Library,https://www.westminster.gov.uk/leisure-libraries-and-community/library-opening-times-and-contact-details/pimlico-library
Victoria Library,https://www.westminster.gov.uk/leisure-libraries-and-community/library-opening-times-and-contact-details/victoria-library
Mayfair Library,https://www.westminster.gov.uk/leisure-libraries-and-community/libraries/mayfair-library
Charing Cross Library,https://www.westminster.gov.uk/leisure-libraries-and-community/libraries/charing-cross-library
Paddington Children's Library,https://westbourneforum.org.uk/locations/paddington-childrens-library/
Paddington Library,https://www.westminster.gov.uk/leisure-libraries-and-community/libraries/paddington-library
Marylebone Library,https://www.westminster.gov.uk/leisure-libraries-and-community/library-opening-times-and-contact-details/marylebone-library
Little Venice Sports Centre Library,https://www.westminster.gov.uk/library-opening-times-and-contact-details/little-venice-sports-centre-library
Church Street Library,https://www.westminster.gov.uk/library-opening-times-and-contact-details/leisure-libraries-and-community/church-street-library
Maida Vale Library,https://www.westminster.gov.uk/leisure-libraries-and-community/libraries/maida-vale-library
St John's Wood Library,https://www.westminster.gov.uk/leisure-libraries-and-community/libraries/st-johns-wood-library
Queen's Park library,https://www.westminster.gov.uk/leisure-libraries-and-community/library-opening-times-and-contact-details/queens-park-library
Old Manor Park Library,https://bowarts.org/location/old-manor-park-library/
The Evangelical Library,http://evangelical-library.org.uk/
Feminist Library,http://feministlibrary.co.uk
Harrow Greeen Library ,https://harrowgreenlibrary.com/
Aga Khan Library,https://www.agakhanlibrary.org/
Bromley Central Library,https://www.better.org.uk/library/london/bromley/bromley-central-library
Bishopsgate Institute,http://www.bishopsgate.org.uk/
The British Library,https://www.bl.uk/
Southall Library and Dominion Centre,https://www.ealing.gov.uk/info/201241/find_your_library/2404/southall_library_and_dominion_centre
The Women's Art Library,http://www.gold.ac.uk/make/
Iranian Library,http://www.iranianlibrary.org.uk/
Lambeth Palace Library,https://www.lambethpalacelibrary.info
The London Library,https://www.londonlibrary.co.uk/
Poetry Library,http://www.poetrylibrary.org.uk
RHS Lindley Library,https://www.rhs.org.uk
National Art Library,http://www.vam.ac.uk/nal/
Westminster Reference Library,https://www.westminster.gov.uk/library-opening-times-and-contact-details/westminster-reference-library
The Wiener Holocaust Library ,http://www.wienerlibrary.co.uk/home
